id;account_name;current_balance;particulars;amount;narration;total;grand_total
1;Home Loan Account;Serbian Dinar;Berkshire Nigeria;49220;Rustic Concrete Fish;Small Frozen Cheese Refined;72383
2;Money Market Account;Metal hacking;high-level;58729;Cambridgeshire;Practical Wooden Chair emulation;71105
3;Credit Card Account;Colombian Peso Unidad de Valor Real Integrated SMTP;virtual Home Loan Account;75192;Supervisor Graphical User Interface Corporate;Steel Developer transmitter;95917
4;Investment Account;Extended mobile withdrawal;Handmade Garden;19431;yellow Re-engineered;monitor orchestrate;898
5;Auto Loan Account;program;connecting;23229;web-readiness;Factors programming Bedfordshire;97269
6;Money Market Account;Solutions;deposit;45220;Checking Account;Universal digital;95307
7;Investment Account;Sleek Pakistan Rupee Synchronised;facilitate;79952;sky blue Paradigm parse;Reverse-engineered;62922
8;Investment Account;payment;mindshare Savings Account XML;81285;supply-chains;Bulgarian Lev functionalities Sports;57194
9;Personal Loan Account;Crest Salad;monetize Coordinator quantifying;19084;Keyboard;program Wooden Managed;14464
10;Personal Loan Account;communities;knowledge base Plains Cotton;95788;Books Hat;port copying access;55633
