id;full_name;email;e_code;is_active
1;calculate Investment Account;Blair.Roob@hotmail.com;modular innovative Realigned;false
2;deposit;Emmet16@yahoo.com;interfaces Handmade;false
3;bypassing Home Indiana;Augustine_Kris71@gmail.com;Money Market Account backing up;false
4;Berkshire reinvent;Garfield90@hotmail.com;connecting synergy;false
5;Games Singapore;Kelli.Cassin@hotmail.com;Plastic;false
6;pink;Vesta_Dibbert53@hotmail.com;frictionless Factors;true
7;Concrete Soap;Verda.Cronin25@yahoo.com;Identity;true
8;payment Expressway;Hobart0@hotmail.com;New Zealand;true
9;Illinois Ergonomic Steel Bike Peso Uruguayo Uruguay Peso en Unidades Indexadas;Hope_Cruickshank98@hotmail.com;white;false
10;Forward Shoes;Brent79@gmail.com;Sleek Concrete Table quantify Kids;true
11;BIkram;regmi@gmail.com;check Concrete Table 100 Kids;true

