id;dob;gender;is_married;blood_group;parent_name;addressline_1;addressline_2;phone_number;mobile_number;emergency_contact_number;joining_date;designation;pan_number;document_number;extra_field
1;Awesome Fresh;relationships;false;Sleek Rand Namibia Dollar;withdrawal Rustic Frozen Gloves;Moldovan Leu;Lithuania Future;invoice Unbranded Rubber Chair;Awesome;multi-tasking Savings Account;Handmade synergistic Cambridgeshire;exploit Frozen;transmitting;secured line Bermuda;Equatorial Guinea SQL
2;Up-sized;Indian Rupee;true;fresh-thinking Mills;Practical Plastic Hat drive Home Loan Account;Credit Card Account South Georgia and the South Sandwich Islands Designer;Toys Fantastic Latvia;generating morph Sweden;structure Manager Configuration;Handmade Metal Hat;bypass;Savings Account Trace;Ohio Principal calculate;Chicken Configuration;Security
3;Infrastructure;Azerbaijanian Manat;true;Shoes;Home Loan Account invoice;next-generation Flat;Baby Borders;Cambridgeshire Ergonomic Wooden Shoes Street;Licensed mobile Operations;withdrawal Mexico;Reunion;didactic program bypassing;Granite Stravenue Bedfordshire;Associate Soap Ohio;Canada forecast
4;Incredible Plastic Mouse invoice;Outdoors;true;navigate;Ergonomic transition encryption;invoice;Bike;Personal Loan Account compressing;interactive Usability Music;strategy Ergonomic Frozen Shirt Investor;capacitor Computers;5th generation;Fresh;withdrawal Ergonomic;plum
5;grey Prairie;UAE Dirham orchestration;true;Manager vortals Ergonomic;vortals Designer;Kina;clear-thinking Mouse Home Loan Account;Money Market Account Soft;Bedfordshire heuristic;Jewelery Brazilian Real Rial Omani;Industrial Azerbaijanian Manat Handmade Cotton Ball;Kids backing up;system;Kids Infrastructure;bleeding-edge Auto Loan Account generate
6;Savings Account Frozen;virtual;false;New York;Bedfordshire;Operative Assistant;support;Handmade Fresh Ball;monitor lime disintermediate;Timor-Leste Malta;Games;Specialist Accounts Cameroon;Interactions;Berkshire Sausages Handmade Steel Shoes;Streamlined
7;Sleek Fresh Bacon application;synthesizing Hat Cotton;false;Home Loan Account;Branding zero defect;synthesizing Architect users;Grocery;European Unit of Account 17(E.U.A.-17);index Customer;Sweden;Cross-platform View Kids;United Kingdom New Israeli Sheqel New Jersey;Awesome Frozen Tuna parsing;SMTP XML;Auto Loan Account
8;Extended Oregon;Rand Loti eyeballs;false;Central Causeway;deposit;monetize Reduced;Health transmit;Marketing;District Centralized functionalities;Unbranded;Incredible Soap;Outdoors Personal Loan Account;programming Centralized wireless;Associate;Quality-focused 24/365
9;Buckinghamshire Handcrafted networks;backing up;false;sexy Overpass;enhance Tajikistan;Bacon invoice;New York;Horizontal Lodge;neural Chief;embrace payment Oregon;optimizing;transform;Devolved Pound Sterling Metal;generating;payment
10;Concrete;Tunnel Tuvalu;false;JBOD;Oval solution Table;Incredible Steel Shoes microchip Pants;generate optical quantifying;revolutionize program Credit Card Account;functionalities;users deposit North Dakota;Japan Massachusetts;Finland modular;scalable payment Unbranded;New Mexico;Common Pennsylvania
