id;name;type;method;description;extra_field
1;Rand Loti Incredible;copy hack;reboot seamless Israel;SMTP mint green navigate;Locks
2;Directives Congo backing up;Chief;collaborative Club;innovate;Analyst
3;Credit Card Account transmitter digital;circuit;Bacon;Taka redefine;Tuna Rapid ROI
4;West Virginia;circuit Shoes;Bedfordshire;Awesome;USB
5;CSS;Coordinator;withdrawal compress programming;parsing generate Argentine Peso;Brunei Darussalam
6;Motorway;Pizza Alley Bahamas;redundant port eyeballs;hack Coordinator;Proactive North Carolina Director
7;parsing;Rubber solutions;invoice;program e-business Metal;Shirt mobile SMTP
8;whiteboard panel;Response;Investment Account Ridges iterate;withdrawal Egyptian Pound Future;port Rubber
9;Pitcairn Islands Garden Books;invoice Extended;Bypass;e-business;Austria blue generating
10;Applications SMTP Mountain;Sausages Beauty;Skyway Fish;Granite;portal didactic
